SNP,Antigen
ilmnseq_rs370418964,C
ilmnseq_rs41302032.1_F2BT,C
ilmnseq_rs538365455,C
ilmnseq_rs543374623,C
ilmnseq_rs560613870,C
ilmnseq_rs563169275,C
ilmnseq_rs575202741.1_F2BT,C
ilmnseq_rs575202741.2_F2BT,C
ilmnseq_rs772058645,C
rs1053341,C
rs1053343,C
rs1053344,C
rs113225898,C
rs1132760,C
rs114723195,C
rs147219176,C
rs181860403,C
rs200955066,C
rs201812726,C
rs28530483,C
rs28591112,C
rs28668998,C
rs35379366,C
rs3927483,C
rs55646708,C
rs585488,C
rs596939,C
rs600580,C
rs602052,C
rs62621068,C
rs631133,C
rs654818,C
rs660129,C
rs676785,C
rs686631,C
rs706845,C
rs71652382,C
rs9689,C
ilmnseq_rs370418964,c
ilmnseq_rs41302032.1_F2BT,c
ilmnseq_rs538365455,c
ilmnseq_rs543374623,c
ilmnseq_rs560613870,c
ilmnseq_rs563169275,c
ilmnseq_rs575202741.1_F2BT,c
ilmnseq_rs575202741.2_F2BT,c
ilmnseq_rs772058645,c
rs1053341,c
rs1053343,c
rs1053344,c
rs113225898,c
rs1132760,c
rs114723195,c
rs147219176,c
rs181860403,c
rs200955066,c
rs201812726,c
rs28530483,c
rs28591112,c
rs28668998,c
rs35379366,c
rs3927483,c
rs55646708,c
rs585488,c
rs596939,c
rs600580,c
rs602052,c
rs62621068,c
rs631133,c
rs654818,c
rs660129,c
rs676785,c
rs686631,c
rs706845,c
rs71652382,c
rs9689,c
rs138268848,Cw
rs609320,E
rs3193872,E
rs28669938,E
rs609320,e
rs3193872,e
rs28669938,e
rs143572717,He+
rs189456867,He+
rs185195348,He+
rs116158479,He+
rs191925610,He+
rs2323378,He+
rs7682260,M
ilmnseq_rs189622883.2_F2BT,M
ilmnseq_rs775580417,M
ilmnseq_rs796612927_MNV,M
rs6537255,M
rs7665923,M
ilmnseq_rs561124402.1_F2BT,M
rs6857303,M
rs146703484,M
rs7682260,N
ilmnseq_rs189622883.2_F2BT,N
ilmnseq_rs775580417,N
ilmnseq_rs796612927_MNV,N
rs6537255,N
rs7665923,N
ilmnseq_rs561124402.1_F2BT,N
rs6857303,N
rs146703484,N
ilmnseq_rs375921217,S
rs35076034,S
rs4835126,S
rs6537238,S
rs6835071,S
rs6840234,S
rs7683365,S
rs7688105,S
ilmnseq_rs375921217,s
rs35076034,s
rs4835126,s
rs6537238,s
rs6835071,s
rs6840234,s
rs7683365,s
rs7688105,s
